[
{
"id": 1,
"nombre": "Jefferson Rivera",
"email": "prueba@asd.com",
"celular": "3118322699",
"mensaje": "Hola Mundo",
"created_at": "2014-10-21 22:32:23",
"updated_at": "2014-10-21 22:32:23"
},
{
"id": 2,
"nombre": "Jefferson Rivera",
"email": "prueba@asd.com",
"celular": "3118322699",
"mensaje": "holas",
"created_at": "2014-10-21 22:37:13",
"updated_at": "2014-10-21 22:37:13"
},
{
"id": 3,
"nombre": "Jefferson Rivera",
"email": "prueba@asd.com",
"celular": "3118322699",
"mensaje": "fkgfjkgh\r\n",
"created_at": "2014-10-21 22:37:43",
"updated_at": "2014-10-21 22:37:43"
},
{
"id": 4,
"nombre": "Jefferson Rivera",
"email": "prueba@asd.com",
"celular": "3118322699",
"mensaje": "Hola",
"created_at": "2014-10-21 22:44:42",
"updated_at": "2014-10-21 22:44:42"
},
{
"id": 5,
"nombre": "Jefferson Rivera",
"email": "prueba@asd.com",
"celular": "3118322699",
"mensaje": "Hola viejo",
"created_at": "2014-10-29 18:00:12",
"updated_at": "2014-10-29 18:00:12"
},
{
"id": 6,
"nombre": "Jefferson Rivera",
"email": "prueba@asd.com",
"celular": "3118322699",
"mensaje": "Hola Viejo222",
"created_at": "2014-10-29 18:02:11",
"updated_at": "2014-10-29 18:02:11"
},
{
"id": 7,
"nombre": "sdsdsd",
"email": "prueba@asd.com",
"celular": "123",
"mensaje": "sdsd",
"created_at": "2014-11-07 21:31:09",
"updated_at": "2014-11-07 21:31:09"
},
{
"id": 8,
"nombre": "Jefferson Rivera",
"email": "prueba@asd.com",
"celular": "7848816",
"mensaje": "sdsdsd",
"created_at": "2014-11-07 21:41:47",
"updated_at": "2014-11-07 21:41:47"
},
{
"id": 9,
"nombre": "Jefferson Rivera",
"email": "prueba@asd.com",
"celular": "3118322699",
"mensaje": "dffdfdf",
"created_at": "2014-11-07 21:42:03",
"updated_at": "2014-11-07 21:42:03"
},
{
"id": 10,
"nombre": "Jefferson Rivera",
"email": "prueba@asd.com",
"celular": "1",
"mensaje": "12122",
"created_at": "2014-11-07 21:42:24",
"updated_at": "2014-11-07 21:42:24"
},
{
"id": 11,
"nombre": "Jefferson Rivera",
"email": "prueba@asd.com",
"celular": "7848816",
"mensaje": "asasas",
"created_at": "2014-11-07 21:46:26",
"updated_at": "2014-11-07 21:46:26"
},
{
"id": 12,
"nombre": "Jefferson Rivera",
"email": "prueba@asd.com",
"celular": "3118322699",
"mensaje": "asasas",
"created_at": "2014-11-07 21:46:36",
"updated_at": "2014-11-07 21:46:36"
},
{
"id": 13,
"nombre": "Jefferson Rivera",
"email": "prueba@asd.com",
"celular": "123",
"mensaje": "frdfdf",
"created_at": "2014-11-07 21:50:32",
"updated_at": "2014-11-07 21:50:32"
},
{
"id": 14,
"nombre": "Jefferson Rivera",
"email": "prueba@asd.com",
"celular": "12",
"mensaje": "dfdfdf",
"created_at": "2014-11-07 21:54:59",
"updated_at": "2014-11-07 21:54:59"
},
{
"id": 15,
"nombre": "Jefferson Rivera",
"email": "prueba@asd.com",
"celular": "7848816",
"mensaje": "dfdfdf",
"created_at": "2014-11-07 21:55:57",
"updated_at": "2014-11-07 21:55:57"
},
{
"id": 16,
"nombre": "Jefferson Rivera",
"email": "prueba@asd.com",
"celular": "3118322699",
"mensaje": "asasas",
"created_at": "2014-11-07 21:56:12",
"updated_at": "2014-11-07 21:56:12"
},
{
"id": 17,
"nombre": "Jefferson Rivera",
"email": "prueba@asd.com",
"celular": "3118322699343434",
"mensaje": "dsdsd",
"created_at": "2014-11-07 21:56:41",
"updated_at": "2014-11-07 21:56:41"
}
]